{"AED": "United Arab Emirates dirham", "AFN": "Afghan afghani", "ALL": "Albanian lek", "AMD": "Armenian dram", "ANG": "Netherlands Antillean guilder", "AOA": "Angolan kwanza", "ARS": "Argentine peso", "AUD": "Australian dollar", "AWG": "Aruban florin", "AZN": "Azerbaijani manat", "BAM": "Bosnia and Herzegovina convertible mark", "BBD": "Barbadian dollar", "BDT": "Bangladeshi taka", "BGN": "Bulgarian lev", "BHD": "Bahraini dinar", "BIF": "Burundian franc", "BMD": "Bermudian dollar", "BND": "Brunei dollar", "BOB": "Bolivian boliviano", "BRL": "Brazilian real", "BSD": "Bahamian dollar", "BTN": "Bhutanese ngultrum", "BWP": "Botswana pula", "BYN": "New Belarusian ruble", "BZD": "Belize dollar", "CAD": "Canadian dollar", "CDF": "Congolese franc", "CHF": "Swiss franc", "CLP": "Chilean peso", "CNY": "Chinese yuan", "COP": "Colombian peso", "CRC": "Costa Rican col\u00f3n", "CUP": "Cuban peso", "CVE": "Cape Verdean escudo", "CZK": "Czech koruna", "DJF": "Djiboutian franc", "DKK": "Danish krone", "DOP": "Dominican peso", "DZD": "Algerian dinar", "EGP": "Egyptian pound", "ERN": "Eritrean nakfa", "ETB": "Ethiopian birr", "FJD": "Fijian dollar", "FKP": "Falkland Islands pound", "GBP": "British pound", "GEL": "Georgian Lari", "GHS": "Ghanaian cedi", "GIP": "Gibraltar pound", "GMD": "Gambian dalasi", "GNF": "Guinean franc", "GTQ": "Guatemalan quetzal", "GYD": "Guyanese dollar", "HKD": "Hong Kong dollar", "HNL": "Honduran lempira", "HRK": "Croatian kuna", "HTG": "Haitian gourde", "HUF": "Hungarian forint", "IDR": "Indonesian rupiah", "ILS": "Israeli new shekel", "INR": "Indian rupee", "IQD": "Iraqi dinar", "IRR": "Iranian rial", "ISK": "Icelandic kr\u00f3na", "JMD": "Jamaican dollar", "JOD": "Jordanian dinar", "JPY": "Japanese yen", "KES": "Kenyan shilling", "KGS": "Kyrgyzstani som", "KHR": "Cambodian riel", "KMF": "Comorian franc", "KPW": "North Korean won", "KRW": "South Korean won", "KWD": "Kuwaiti dinar", "KYD": "Cayman Islands dollar", "KZT": "Kazakhstani tenge", "LAK": "Lao kip", "LBP": "Lebanese pound", "LKR": "Sri Lankan rupee", "LRD": "Liberian dollar", "LSL": "Lesotho loti", "LYD": "Libyan dinar", "MAD": "Moroccan dirham", "MDL": "Moldovan leu", "MGA": "Malagasy ariary", "MKD": "Macedonian denar", "MMK": "Burmese kyat", "MNT": "Mongolian t\u00f6gr\u00f6g", "MOP": "Macanese pataca", "MRO": "Mauritanian ouguiya", "MUR": "Mauritian rupee", "MVR": "Maldivian rufiyaa", "MWK": "Malawian kwacha", "MXN": "Mexican peso", "MYR": "Malaysian ringgit", "MZN": "Mozambican metical", "NAD": "Namibian dollar", "NGN": "Nigerian naira", "NIO": "Nicaraguan c\u00f3rdoba", "NOK": "Norwegian krone", "NPR": "Nepalese rupee", "NZD": "New Zealand dollar", "OMR": "Omani rial", "PAB": "Panamanian balboa", "PEN": "Peruvian sol", "PGK": "Papua New Guinean kina", "PHP": "Philippine peso", "PKR": "Pakistani rupee", "PLN": "Polish z\u0142oty", "PYG": "Paraguayan guaran\u00ed", "QAR": "Qatari riyal", "RON": "Romanian leu", "RSD": "Serbian dinar", "RUB": "Russian ruble", "RWF": "Rwandan franc", "SAR": "Saudi riyal", "SBD": "Solomon Islands dollar", "SCR": "Seychellois rupee", "SDG": "Sudanese pound", "SEK": "Swedish krona", "SGD": "Singapore dollar", "SHP": "Saint Helena pound", "SLL": "Sierra Leonean leone", "SOS": "Somali shilling", "SRD": "Surinamese dollar", "STD": "S\u00e3o Tom\u00e9 and Pr\u00edncipe dobra", "SYP": "Syrian pound", "SZL": "Swazi lilangeni", "THB": "Thai baht", "TJS": "Tajikistani somoni", "TMT": "Turkmenistan manat", "TND": "Tunisian dinar", "TOP": "Tongan pa\u02bbanga", "TRY": "Turkish lira", "TTD": "Trinidad and Tobago dollar", "TWD": "New Taiwan dollar", "TZS": "Tanzanian shilling", "UAH": "Ukrainian hryvnia", "UGX": "Ugandan shilling", "USD": "United States dollar", "UYU": "Uruguayan peso", "UZS": "Uzbekistani so'm", "VEF": "Venezuelan bol\u00edvar", "VND": "Vietnamese \u0111\u1ed3ng", "VUV": "Vanuatu vatu", "WST": "Samoan t\u0101l\u0101", "YER": "Yemeni rial", "ZAR": "South African rand", "ZMW": "Zambian kwacha"}